<?xml version="1.0" encoding="UTF-8"?>
<jcr:root xmlns:jcr="http://www.jcp.org/jcr/1.0" xmlns:nt="http://www.jcp.org/jcr/nt/1.0"
    jcr:primaryType="nt:unstructured">
    <question1 jcr:primaryType="nt:unstructured">
        <question1.html/>
        <logic.js/>
    </question1>
    <question3 jcr:primaryType="nt:unstructured">
        <question3.html/>
    </question3>
    <question2 jcr:primaryType="nt:unstructured">
        <question2.html/>
        <question4.html/>
    </question2>
</jcr:root>
